City,State
Ashford,Alabama
Avon,Alabama
Birmingham,Alabama
Brent,Alabama
Leeds,Alabama
Woodstock,Alabama
Sheffield,Alabama
York,Alabama
Chelsea,Alabama
Oxford,Alabama
Brighton,Alabama
Carlisle,Arkansas
England,Arkansas
Everton,Arkansas
London,Arkansas
Mansfield,Arkansas
Newcastle,Arkansas
Brentwood,California
Chatsworth,California
Chester,California
Compton,California
Exeter,California
Hanford,California
Kensington,California
Lancaster,California
Manchester,California
Newcastle,California
Richmond,California
Ryde,California
Westminster,California
Windsor,California
Arlington,Colorado
Avon,Colorado
Brighton,Colorado
Bristol,Colorado
Hereford,Colorado
Sedgwick,Colorado
Wellington,Colorado
Westminster,Colorado
Windsor Park,Colorado
Andover,Connecticut
Ashford,Connecticut
Avon,Connecticut
Berkshire,Connecticut
Bolton,Connecticut
Bristol,Connecticut
Canterbury,Connecticut
Colchester,Connecticut
Colebrook,Connecticut
Cornwall,Connecticut
Coventry,Connecticut
Cheshire,Connecticut
Chester,Connecticut
Chesterfield,Connecticut
Danbury,Connecticut
Derby,Connecticut
Durham,Connecticut
East Hampton,Connecticut
East Windsor,Connecticut
Easton,Connecticut
Ellington,Connecticut
Enfield,Connecticut
Essex,Connecticut
Farmington,Connecticut
Glastonbury,Connecticut
Granby,Connecticut
Greenwich,Connecticut
Guilford,Connecticut
Hampton,Connecticut
Hartford,Connecticut
Kent,Connecticut
Killingworth,Connecticut
Litchfield,Connecticut
Manchester,Connecticut
Marlborough,Connecticut
Meriden,Connecticut
Middlesex County,Connecticut
Milford,Connecticut
New Britain,Connecticut
Newington,Connecticut
New London,Connecticut
Norfolk,Connecticut
Norwich,Connecticut
Oxford,Connecticut
Plymouth,Connecticut
Portland,Connecticut
Preston,Connecticut
Salisbury,Connecticut
Stafford,Connecticut
Stamford,Connecticut
Stratford,Connecticut
Tolland,Connecticut
Torrington,Connecticut
Wallingford,Connecticut
Waterford,Connecticut
Weston,Connecticut
Westport,Connecticut
Willington,Connecticut
Wilton,Connecticut
Winchester,Connecticut
Windsor,Connecticut
Windsor Locks,Connecticut
Woodstock,Connecticut
Camden,Delaware
Canterbury,Delaware
Dover,Delaware
Harrington,Delaware
Kent County,Delaware
Lancashire,Delaware
Lewes,Delaware
Lincoln,Delaware
Middletown,Delaware
Milford,Delaware
Newark,Delaware
Seaford,Delaware
Sussex County,Delaware
Warwick,Delaware
Wilmington,Delaware
Plymouth,Florida
Windermere,Florida
Woodburn,Florida
Bainbridge,Georgia
Barwick,Georgia
Boston,Georgia
Chatsworth,Georgia
Claxton,Georgia
Covington,Georgia
Hull,Georgia
Manchester,Georgia
Mansfield,Georgia
Oxford,Georgia
Preston,Georgia
Putney,Georgia
Warwick,Georgia
Washington,Georgia
Winchester,Georgia
"Birmingham Township, Schuyler County",Illinois
Chester,Illinois
Chesterfield,Illinois
Colchester,Illinois
Cumberland County,Illinois
Enfield,Illinois
Hull,Illinois
Manchester,Illinois
"Truro Township, Knox County",Illinois
White Hall,Illinois
Winchester,Illinois
Avon,Indiana
Bedford,Indiana
Bristol,Indiana
Carlisle,Indiana
Cumberland,Indiana
Darlington,Indiana
Manchester,Indiana
"Manchester Township, Dearborn County",Indiana
New Carlisle,Indiana
Oxford,Indiana
Plymouth,Indiana
Washington,Indiana
Winchester,Indiana
Worthington,Indiana
Abingdon,Iowa
Ackworth,Iowa
Alton,Iowa
Bedford,Iowa
Birmingham,Iowa
Brighton,Iowa
Cambridge,Iowa
Carlisle,Iowa
Chatsworth,Iowa
Chelsea,Iowa
Cumberland,Iowa
Derby,Iowa
Dorchester,Iowa
Ely,Iowa
Epworth,Iowa
Essex,Iowa
Hampton,Iowa
Hartley,Iowa
Hull,Iowa
Keswick,Iowa
Leeds,Iowa
Manchester,Iowa
Matlock,Iowa
Otley,Iowa
Oxford,Iowa
Radcliffe,Iowa
Sheffield,Iowa
Stockport,Iowa
Washington,Iowa
Alton,Kansas
Bentley,Kansas
Berwick,Kansas
Buxton,Kansas
Clayton,Kansas
Derby,Kansas
Devon,Kansas
Effingham,Kansas
Farlington,Kansas
Kensington,Kansas
Lancaster,Kansas
Lincoln,Kansas
Manchester,Kansas
Oxford,Kansas
Richmond,Kansas
Stafford,Kansas
Wakefield,Kansas
Washington,Kansas
Westmoreland,Kansas
Winchester,Kansas
Birmingham,Kentucky
"Boston, Louisville",Kentucky
"Boston, Nelson County",Kentucky
Bromley,Kentucky
Cambridge,Kentucky
Carlisle,Kentucky
Cumberland County,Kentucky
Cumberland Falls,Kentucky
Cumberland Gap,Kentucky
Cumberland Plateau,Kentucky
Cumberland River,Kentucky
Dover,Kentucky
Falmouth,Kentucky
London,Kentucky
Manchester,Kentucky
Middlesboro,Kentucky
Richmond,Kentucky
Somerset,Kentucky
Williba,Kentucky
Winchester,Kentucky
Acton,Maine
Alton,Maine
Andover,Maine
Avon,Maine
Bath,Maine
Beddington,Maine
Berwick,Maine
Biddeford,Maine
Boothbay,Maine
Bradford,Maine
Bristol,Maine
Buxton,Maine
Cambridge,Maine
Chelsea,Maine
Cumberland,Maine
Cumberland County,Maine
Durham,Maine
Exeter,Maine
Falmouth,Maine
Harpswell,Maine
Kittery,Maine
Leeds,Maine
Limington,Maine
Manchester,Maine
New Gloucester,Maine
Oxford,Maine
Portland,Maine
Scarborough,Maine
Waltham,Maine
Wells,Maine
Yarmouth,Maine
York,Maine
York County,Maine
Abingdon,Maryland
Barton,Maryland
Bristol,Maryland
Cambridge,Maryland
Cheltenham,Maryland
Chester,Maryland
Cumberland,Maryland
Essex,Maryland
Hampstead,Maryland
Hillsborough,Maryland
Kensington,Maryland
Kent,Maryland
Manchester,Maryland
Millington,Maryland
Nottingham,Maryland
Olney,Maryland
Oxford,Maryland
Salisbury,Maryland
Warwick,Maryland
Westminster,Maryland
Sunderland,Maryland
Acton,Massachusetts
Amesbury,Massachusetts
Andover,Massachusetts
Abington,Massachusetts
Arlington,Massachusetts
Attleboro,Massachusetts
Avon,Massachusetts
Barnstable,Massachusetts
Bedford,Massachusetts
Berkley,Massachusetts
Beverly,Massachusetts
Billerica,Massachusetts
Blandford,Massachusetts
Bolton,Massachusetts
Boston,Massachusetts
Boxford,Massachusetts
Bradford,Massachusetts
Braintree,Massachusetts
Bridgewater,Massachusetts
Bridgewater (CDP),Massachusetts
Brighton,Massachusetts
Bristol,Massachusetts
Brimfield,Massachusetts
Burlington (Bridlington),Massachusetts
Cambridge,Massachusetts
Carlisle,Massachusetts
Chatham,Massachusetts
Chelmsford,Massachusetts
Chelsea,Massachusetts
Chester,Massachusetts
Chesterfield,Massachusetts
Chilmark,Massachusetts
Concord,Massachusetts
Dartmouth,Massachusetts
Dedham,Massachusetts
Dorchester,Massachusetts
Dover,Massachusetts
Dunstable,Massachusetts
Duxbury,Massachusetts
Duxbury (CDP),Massachusetts
East Bridgewater,Massachusetts
East Falmouth,Massachusetts
Essex County,Massachusetts
Essex,Massachusetts
Falmouth,Massachusetts
Falmouth (CDP),Massachusetts
Framingham,Massachusetts
Gloucester,Massachusetts
Grafton,Massachusetts
Great Barrington,Massachusetts
Groton,Massachusetts
Hadley,Massachusetts
Halifax,Massachusetts
Hardwick,Massachusetts
Harwich,Massachusetts
Haverhill,Massachusetts
Hatfield,Massachusetts
Hingham,Massachusetts
Hingham (CDP),Massachusetts
Hull,Massachusetts
Hyde Park,Massachusetts
Ipswich,Massachusetts
Islington,Massachusetts
Kingston,Massachusetts
Leeds,Massachusetts
Lancaster,Massachusetts
Leicester,Massachusetts
Leominster,Massachusetts
Lexington,Massachusetts
Lincoln,Massachusetts
Ludlow,Massachusetts
Lynn,Massachusetts
Malden,Massachusetts
Marlborough,Massachusetts
Manchester,Massachusetts
Mansfield,Massachusetts
Marshfield,Massachusetts
Medford,Massachusetts
Medway,Massachusetts
Middleborough,Massachusetts
Middlesex County,Massachusetts
Milford,Massachusetts
Milton,Massachusetts
Needham,Massachusetts
Newbury,Massachusetts
New Ashford,Massachusetts
New Bedford,Massachusetts
Newton,Massachusetts
Norfolk,Massachusetts
Norfolk County,Massachusetts
Northampton,Massachusetts
North Falmouth,Massachusetts
North Plymouth,Massachusetts
North Truro,Massachusetts
Norton,Massachusetts
Norwood,Massachusetts
Oakham,Massachusetts
Oxford,Massachusetts
Petersham,Massachusetts
Plymouth,Massachusetts
Plymouth Beach,Massachusetts
Plymouth Center,Massachusetts
Plymouth County,Massachusetts
Plympton,Massachusetts
Raynham,Massachusetts
Reading,Massachusetts
Rochester,Massachusetts
Rowley,Massachusetts
Rutland,Massachusetts
Salisbury,Massachusetts
Sandwich,Massachusetts
Sheffield,Massachusetts
Shrewsbury,Massachusetts
Somerset,Massachusetts
Southampton,Massachusetts
South Duxbury,Massachusetts
South Plymouth,Massachusetts
Springfield,Massachusetts
Stockbridge,Massachusetts
Stoneham,Massachusetts
Stoughton,Massachusetts
Stow (Stowe),Massachusetts
Sturbridge (Stourbridge),Massachusetts
Sudbury,Massachusetts
Suffolk County,Massachusetts
Sunderland,Massachusetts
Sutton,Massachusetts
Taunton,Massachusetts
Templeton,Massachusetts
Tewksbury,Massachusetts
Tisbury,Massachusetts
Topsfield,Massachusetts
Truro,Massachusetts
Upton,Massachusetts
Uxbridge,Massachusetts
Wakefield,Massachusetts
Waltham,Massachusetts
Wareham,Massachusetts
Wareham Center,Massachusetts
Warwick,Massachusetts
Westfield,Massachusetts
Westport,Massachusetts
West Tisbury,Massachusetts
Westwood,Massachusetts
West Bridgewater,Massachusetts
West Falmouth,Massachusetts
West Plymouth,Massachusetts
West Wareham,Massachusetts
Weymouth,Massachusetts
Wilbraham,Massachusetts
Winchester,Massachusetts
Windsor,Massachusetts
Woburn,Massachusetts
Worcester,Massachusetts
Wrentham,Massachusetts
Yarmouth,Massachusetts
Avon,Michigan
Berkley,Michigan
Beverly Hills,Michigan
Birmingham,Michigan
Brighton,Michigan
Dearborn,Michigan
Dearborn Heights,Michigan
Camden,Michigan
Chelsea,Michigan
Chesterfield,Michigan
Elmhurst,Michigan
Farmington,Michigan
Kensington,Michigan
Kent County,Michigan
Lincoln,Michigan
Manchester,Michigan
Milford,Michigan
New Boston,Michigan
New Haven,Michigan
Oxford,Michigan
Plymouth,Michigan
Richmond,Michigan
Rochester,Michigan
Rothbury,Michigan
Somerset Township,Michigan
Surrey Township,Michigan
Warren,Michigan
Washington Township,Michigan
Waterford,Michigan
Stearns county,Minnesota
Bradford,Minnesota
Bristol Township,Minnesota
Ely,Minnesota
Kensington,Minnesota
Kent,Minnesota
London,Minnesota
"London Township, Freeborn County",Minnesota
Manchester,Minnesota
New Brighton,Minnesota
Plymouth,Minnesota
Rochester,Minnesota
Bolton,Mississippi
Bude,Mississippi
Oxford,Mississippi
Plymouth,Mississippi
Suffolk,Mississippi
Alton,Missouri
Birmingham,Missouri
Bosworth,Missouri
Brentwood,Missouri
Chesterfield,Missouri
Clayton,Missouri
Essex,Missouri
Everton,Missouri
Farmington,Missouri
Lancaster,Missouri
Lincoln,Missouri
Manchester,Missouri
Mansfield,Missouri
New London,Missouri
Plymouth,Missouri
Salisbury,Missouri
Shrewsbury,Missouri
Stockton,Missouri
Washington,Missouri
Weatherby,Missouri
Wellington,Missouri
Winchester,Missouri
Windsor,Missouri
Worthington,Missouri
Amherst,Nebraska
Burwell,Nebraska
Cambridge,Nebraska
Crawford,Nebraska
Crofton,Nebraska
Danbury,Nebraska
Exeter,Nebraska
Hartington,Nebraska
Hastings,Nebraska
Hampton,Nebraska
Lancaster County,Nebraska
Lincoln,Nebraska
Lexington,Nebraska
London,Nebraska
Oxford,Nebraska
Sutton,Nebraska
Wakefield,Nebraska
Washington,Nebraska
Weston,Nebraska
York,Nebraska
New Hampshire,New Hampshire
Alton,New Hampshire
Andover,New Hampshire
Barrington,New Hampshire
Bath,New Hampshire
Bedford,New Hampshire
Bradford,New Hampshire
Brentwood,New Hampshire
Bridgewater,New Hampshire
Bristol,New Hampshire
Canterbury,New Hampshire
Chatham,New Hampshire
Chesham,New Hampshire
Chester,New Hampshire
Chichester,New Hampshire
Concord,New Hampshire
Croydon,New Hampshire
Dorchester,New Hampshire
Dover,New Hampshire
Durham,New Hampshire
Epping,New Hampshire
Epsom,New Hampshire
Exeter,New Hampshire
Hampstead,New Hampshire
Hampton,New Hampshire
Kensington,New Hampshire
Lancaster,New Hampshire
Lincoln,New Hampshire
Lyme,New Hampshire
Manchester,New Hampshire
Marlborough,New Hampshire
Marlow,New Hampshire
New Castle,New Hampshire
New Ipswich,New Hampshire
New London,New Hampshire
Newington,New Hampshire
Newmarket,New Hampshire
Northumberland,New Hampshire
Nottingham,New Hampshire
Plaistow,New Hampshire
Portsmouth,New Hampshire
Richmond,New Hampshire
Rochester,New Hampshire
Rye,New Hampshire
Sandown,New Hampshire
Stratham (from Streatham),New Hampshire
Strafford (from Stratford),New Hampshire
Surry (from Surrey),New Hampshire
Tamworth,New Hampshire
Wakefield,New Hampshire
Westmoreland,New Hampshire
Wilton,New Hampshire
Woodstock,New Hampshire
New Jersey itself,New Jersey
Barrington,New Jersey
Bedminster,New Jersey
Birmingham,New Jersey
Bloomsbury,New Jersey
Bridgewater,New Jersey
Camden,New Jersey
Chester,New Jersey
Clifton,New Jersey
Cumberland County,New Jersey
Dover,New Jersey
Essex County,New Jersey
Gloucester City,New Jersey
Gloucester County,New Jersey
Gloucester Township,New Jersey
Greenwich,New Jersey
Lyndhurst,New Jersey
Manchester,New Jersey
Margate City,New Jersey
Middlesex,New Jersey
Middlesex County,New Jersey
Newark,New Jersey
Ridgewood,New Jersey
Ringwood,New Jersey
Shrewsbury,New Jersey
Shrewsbury Township,New Jersey
Southampton,New Jersey
Stockton,New Jersey
Stafford Township,New Jersey
Stratford,New Jersey
Somerset,New Jersey
Somerset County,New Jersey
Sussex,New Jersey
Sussex County,New Jersey
Ventnor,New Jersey
Washington,New Jersey
Weymouth,New Jersey
Woodbury,New Jersey
Woolwich,New Jersey
Clayton,New Mexico
Farmington,New Mexico
New York itself,New York
Albany county,New York
Allerton,New York
Andover,New York
Ardsley,New York
Bath,New York
Bedford,New York
Bedford Hills,New York
Boston,New York
Bradford,New York
Brentwood,New York
Bridgehampton,New York
Bridgewater (town),New York
Bridgewater (village),New York
"Brighton, Erie County",New York
"Brighton, Franklin County",New York
"Brighton, Monroe County",New York
Brighton Beach,New York
Bristol,New York
Calverton,New York
Cambridge,New York
Carlisle,New York
Chatham,New York
Chelsea,New York
"Chester, Orange County",New York
"Chester, Warren County",New York
Chesterfield,New York
Chichester,New York
Colchester,New York
Cornwall,New York
Cornwall-on-Hudson,New York
Coventry,New York
Cumberland County,New York
Durham,New York
"Elmhurst, Chautauqua County",New York
"Elmhurst, Queens",New York
Essex,New York
Fordham,New York
Garden City,New York
"Gravesend, Brooklyn",New York
Greenwich,New York
Greenwich Village,New York
Hastings-on-Hudson,New York
Hempstead (town),New York
Hempstead (village),New York
Huntington (CDP),New York
Huntington (town),New York
Hyde Park,New York
Islip (CDP),New York
Islip (town),New York
"Kensington, Nassau County",New York
"Kensington, Brooklyn",New York
Kew Gardens,New York
Kingsbridge,New York
Kingston,New York
Lancaster,New York
Leeds,New York
Leicester,New York
Lincoln,New York
Liverpool,New York
Manchester (village),New York
Middlesex,New York
"New Brighton, Staten Island",New York
New Castle,New York
New Hartford,New York
New Hyde Park,New York
New Suffolk,New York
New Windsor,New York
New York City,New York
Norfolk,New York
"Northampton, Fulton County",New York
"Northampton, Suffolk County",New York
Northumberland,New York
Norwich,New York
Oxford,New York
Plymouth,New York
Reading,New York
Ridge,New York
Riverhead (CDP),New York
Riverhead (town),New York
Rochdale,New York
Rochester,New York
Roxbury,New York
Rutland,New York
Rye,New York
Salisbury,New York
St. Albans,New York
Scarborough,New York
Scarsdale,New York
Seaford,New York
Shoreham,New York
Somerset,New York
Southampton,New York
South Bristol,New York
Southold (CDP),New York
Southold (town),New York
Springfield,New York
Stafford,New York
Stamford,New York
Stamford (village),New York
Suffolk County,New York
Upton,New York
"Wainscott, Suffolk County",New York
Warwick,New York
Warwick (village),New York
Waterloo (town),New York
Waterloo (village),New York
"West Brighton, Staten Island",New York
Windsor,New York
"Woodbury, Nassau County",New York
"Woodbury, Orange County",New York
Woodstock,New York
Worcester,New York
York,New York
Yorkshire (town),New York
Yorktown,New York
Cumberland County,North Carolina
Durham,North Carolina
Enfield,North Carolina
Hertford,North Carolina
Hertford County,North Carolina
Hillsborough,North Carolina
Leicester,North Carolina
Macclesfield,North Carolina
Middlesex,North Carolina
Mount Pleasant,North Carolina
Oxford,North Carolina
Plymouth,North Carolina
New London,North Carolina
Rockingham,North Carolina
Southport,North Carolina
Surry (Surrey),North Carolina
Wentworth,North Carolina
Warrenton,North Carolina
Wilmington,North Carolina
Berwick,North Dakota
Leeds,North Dakota
New England,North Dakota
Norwich,North Dakota
Rugby,North Dakota
Surrey,North Dakota
Tunbridge,North Dakota
Warwick,North Dakota
Watford City,North Dakota
York,North Dakota
Amberley,Ohio
Andover,Ohio
Avon,Ohio
Avon Lake,Ohio
"Bath, Allen County",Ohio
"Bath, Greene County",Ohio
"Bath, Summit County",Ohio
Bedford,Ohio
Bedford Heights,Ohio
Berwick,Ohio
Bexley,Ohio
Birmingham,Ohio
"Birmingham, Erie County",Ohio
"Birmingham, Guernsey County",Ohio
Bradford,Ohio
Brighton,Ohio
Bristol,Ohio
Camden,Ohio
Carlisle,Ohio
Cheshire,Ohio
Chatham,Ohio
Chester,Ohio
Cleveland,Ohio
Coventry,Ohio
Cumberland,Ohio
Derby,Ohio
Dorset,Ohio
Dover,Ohio
Dover,Ohio
Dover,Ohio
Dover,Ohio
Dover,Ohio
Durham,Ohio
East Liverpool,Ohio
Essex,Ohio
Grafton,Ohio
Greenwich,Ohio
Guilford,Ohio
Kensington,Ohio
Kettering,Ohio
Litchfield,Ohio
Liverpool,Ohio
Liverpool,Ohio
London,Ohio
New Carlisle,Ohio
New London,Ohio
Lyme,Ohio
Malvern,Ohio
Manchester,Ohio
Mansfield,Ohio
Mayfield,Ohio
Mayfield Heights,Ohio
New Lyme,Ohio
Nottingham Township,Ohio
Norwich,Ohio
Oxford,Ohio
Plymouth,Ohio
Portsmouth,Ohio
Reading,Ohio
Rochester,Ohio
Salisbury,Ohio
Sheffield,Ohio
Somerset,Ohio
Truro Township,Ohio
Windsor,Ohio
York,Ohio
Blackburn,Oklahoma
Chelsea,Oklahoma
Manchester ,Oklahoma
Warwick,Oklahoma
Newcastle,Oklahoma
"Alden, Conyngham Township",Pennsylvania
Andreas,Pennsylvania
Aston,Pennsylvania
Barnsley,Pennsylvania
Bath,Pennsylvania
Bedford,Pennsylvania
Bedminster,Pennsylvania
"Berks County (short for ""Berkshire"")",Pennsylvania
Berwick,Pennsylvania
"Birmingham, Chester County",Pennsylvania
"Birmingham, Huntingdon County",Pennsylvania
"Black Heath, Cass Township",Pennsylvania
Brentwood,Pennsylvania
Brighton,Pennsylvania
Bristol,Pennsylvania
Bristol Township,Pennsylvania
Buckingham,Pennsylvania
"Bucks County (short for ""Buckinghamshire"")",Pennsylvania
Carlisle,Pennsylvania
Cheltenham,Pennsylvania
Cheltenham Township,Pennsylvania
Chester,Pennsylvania
Cheswick,Pennsylvania
Croydon,Pennsylvania
Cumberland County,Pennsylvania
"Darby (from the phonetic pronunciation of ""Derby"")",Pennsylvania
Darlington,Pennsylvania
Devon,Pennsylvania
Dover,Pennsylvania
Easton,Pennsylvania
"East Huntingdon Township, Westmoreland County",Pennsylvania
East York,Pennsylvania
Elmhurst,Pennsylvania
Emsworth,Pennsylvania
Exeter,Pennsylvania
"Essington, Tinicum Township",Pennsylvania
Falmouth,Pennsylvania
Freeland,Pennsylvania
Grantham,Pennsylvania
Halifax,Pennsylvania
Hereford,Pennsylvania
"Hereford Township, Berks County",Pennsylvania
Horsham,Pennsylvania
Huntingdon,Pennsylvania
Huntington,Pennsylvania
Hyde Park,Pennsylvania
Kensington,Pennsylvania
Kidder Township,Pennsylvania
Kingston,Pennsylvania
Lancaster,Pennsylvania
Lancaster County,Pennsylvania
"Lancaster Township, Butler County",Pennsylvania
"Lancaster Township, Lancaster County",Pennsylvania
Liverpool,Pennsylvania
"Liverpool Township, Perry County",Pennsylvania
Lowhill Township,Pennsylvania
Lynn Township,Pennsylvania
Malvern,Pennsylvania
Manchester,Pennsylvania
Mayfair,Pennsylvania
Middlesex Township,Pennsylvania
New Brighton,Pennsylvania
New Castle,Pennsylvania
New Cumberland,Pennsylvania
New Kensington,Pennsylvania
New London,Pennsylvania
New Oxford,Pennsylvania
New Stanton,Pennsylvania
New Wilmington,Pennsylvania
Northampton,Pennsylvania
Northampton County,Pennsylvania
Northumberland,Pennsylvania
Northumberland County,Pennsylvania
Norwood,Pennsylvania
Nottingham,Pennsylvania
Nottingham Township,Pennsylvania
Olney,Pennsylvania
Oxford,Pennsylvania
Plymouth,Pennsylvania
Reading,Pennsylvania
Richmond Township,Pennsylvania
Rochester,Pennsylvania
Romney,Pennsylvania
Salisbury Township,Pennsylvania
Sheffield,Pennsylvania
Shrewsbury,Pennsylvania
Somerset,Pennsylvania
Southampton,Pennsylvania
Southwark,Pennsylvania
"South Huntingdon Township, Westmoreland County",Pennsylvania
Sunbury,Pennsylvania
Telford,Pennsylvania
Trafford,Pennsylvania
Warminster,Pennsylvania
Warrington,Pennsylvania
"Warwick Township, Bucks County",Pennsylvania
"Warwick Township, Chester County",Pennsylvania
"Warwick Township, Lancaster County",Pennsylvania
Washington,Pennsylvania
Westmoreland County,Pennsylvania
Whitehall,Pennsylvania
York,Pennsylvania
Barrington,Rhode Island
Bradford,Rhode Island
Bristol,Rhode Island
Bristol County,Rhode Island
Coventry,Rhode Island
Cumberland,Rhode Island
East Greenwich,Rhode Island
Exeter,Rhode Island
Elmhurst,Rhode Island
Gloucester,Rhode Island
Kent County,Rhode Island
Lincoln,Rhode Island
Little Compton,Rhode Island
New Shoreham,Rhode Island
Portsmouth,Rhode Island
Smithfield,Rhode Island
Tiverton,Rhode Island
Warren,Rhode Island
Warwick,Rhode Island
Washington County,Rhode Island
West Greenwich,Rhode Island
West Warwick,Rhode Island
Westerly,Rhode Island
Wickford,Rhode Island
Barnwell,South Carolina
Camden,South Carolina
Carlisle,South Carolina
Chesterfield,South Carolina
Darlington,South Carolina
Effingham,South Carolina
Hampton,South Carolina
Lancaster,South Carolina
Westminster,South Carolina
Windsor,South Carolina
York,South Carolina
Andover,South Dakota
Arlington,South Dakota
Avon,South Dakota
Bath,South Dakota
Brentford,South Dakota
Bristol,South Dakota
Chelsea,South Dakota
Chester,South Dakota
Hereford,South Dakota
Ipswich,South Dakota
Manchester,South Dakota
Mansfield,South Dakota
Oldham,South Dakota
Rutland,South Dakota
Selby,South Dakota
Wentworth,South Dakota
Worthing,South Dakota
Bradford,Tennessee
Bransford,Tennessee
Brentwood,Tennessee
Bristol,Tennessee
Cumberland County,Tennessee
Fairfield,Tennessee
Harrogate,Tennessee
Huntingdon,Tennessee
London,Tennessee
Manchester,Tennessee
Portland,Tennessee
Springfield,Tennessee
Westmoreland,Tennessee
Winchester,Tennessee
Woodbury,Tennessee
Bedford,Texas
Bristol,Texas
Caldwell,Texas
Derby,Texas
Hereford,Texas
Liverpool,Texas
London,Texas
Mansfield,Texas
Newcastle,Texas
Richmond,Texas
Sheffield,Texas
Southampton,Texas
Stamford,Texas
Wellington,Texas
Wortham,Texas
Croydon,Utah
Leamington,Utah
Leeds,Utah
Andover,Vermont
Barnet,Vermont
Berkshire,Vermont
Bradford,Vermont
Brighton,Vermont
Bridgewater,Vermont
Bristol,Vermont
Burlington,Vermont
Cambridge,Vermont
Chelsea,Vermont
Chester,Vermont
Chittenden,Vermont
Colchester,Vermont
Coventry,Vermont
Cumberland County,Vermont
Derby,Vermont
Derby Center,Vermont
Derby Line,Vermont
Essex,Vermont
Essex County,Vermont
Guilford,Vermont
Kirby,Vermont
Leicester,Vermont
Maidstone,Vermont
Manchester,Vermont
Milton,Vermont
Norwich,Vermont
Middlesex,Vermont
Plymouth,Vermont
Putney,Vermont
Reading,Vermont
Richmond,Vermont
Rochester,Vermont
Rutland,Vermont
Salisbury,Vermont
Sheffield,Vermont
Shrewsbury,Vermont
St Albans,Vermont
Stamford,Vermont
Stockbridge,Vermont
Stowe,Vermont
Sudbury,Vermont
Tunbridge,Vermont
Wells,Vermont
Weybridge,Vermont
Westminster,Vermont
Windham County,Vermont
Woodstock,Vermont
Abingdon,Virginia
Arlington,Virginia
Ashland,Virginia
Bedford,Virginia
Bristol,Virginia
Charles City County,Virginia
Chester,Virginia
Chesterfield,Virginia
Crewe,Virginia
Cumberland County,Virginia
Cumberland Mountains,Virginia
Dendron,Virginia
Dover,Virginia
Elmhurst,Virginia
Essex County,Virginia
Falmouth,Virginia
Gloucester,Virginia
Gloucester County,Virginia
Gloucester Courthouse,Virginia
Gloucester Point,Virginia
Hampton,Virginia
Loudoun County,Virginia
Manchester,Virginia
"Manchester, Chesterfield County",Virginia
Midlothian,Virginia
New Kent,Virginia
Norfolk,Virginia
Northumberland County,Virginia
Prince William County,Virginia
Richmond,Virginia
Shadwell,Virginia
Southampton,Virginia
Stafford,Virginia
Suffolk,Virginia
Sussex County,Virginia
Portsmouth,Virginia
Surry,Virginia
Isle of Wight County,Virginia
Northampton County,Virginia
Northumberland County,Virginia
Middlesex County,Virginia
Sussex,Virginia
Buckingham,Virginia
Wakefield,Virginia
Waverly,Virginia
Westmoreland County,Virginia
Woodstock,Virginia
Winchester,Virginia
Yorkshire,Virginia
Yorktown,Virginia
Bellingham,Washington
Covington,Washington
Darrington,Washington
Harrington,Washington
Hatton,Washington
Hamilton,Washington
Kent,Washington
Langley,Washington
Malden,Washington
Manchester,Washington
Mansfield,Washington
Matlock,Washington
Newcastle,Washington
Waverly,Washington
Winthrop,Washington
Kelso,Washington
Chester,West Virginia
Elmhurst,West Virginia
New Cumberland,West Virginia
New Manchester,West Virginia
London,West Virginia
Romney,West Virginia
St. Albans,West Virginia
Appleton,Wisconsin
Bradford,Wisconsin
"Bristol, Dane County",Wisconsin
"Bristol, Kenosha County",Wisconsin
Cambridge,Wisconsin
Cumberland,Wisconsin
Dorchester,Wisconsin
Gillingham,Wisconsin
"Hull, Marathon County",Wisconsin
"Hull, Portage County",Wisconsin
Ipswich,Wisconsin
Lancaster,Wisconsin
Leeds,Wisconsin
"Manchester, Green Lake County",Wisconsin
"Manchester, Jackson County",Wisconsin
Middleton,Wisconsin
New Chester,Wisconsin
New London,Wisconsin
Oxford,Wisconsin
Plymouth,Wisconsin
"Plymouth, Juneau County",Wisconsin
"Plymouth, Rock County",Wisconsin
"Plymouth, Sheboygan County",Wisconsin
Ripon,Wisconsin
Somerset,Wisconsin
Stoughton,Wisconsin
Sussex,Wisconsin
Waterloo,Wisconsin
Wellington,Wisconsin
Bedford,Wyoming
Newcastle,Wyoming
Sussex,Wyoming